ep,post_date,pillar,hook,topic,file,publer_status,processed_at,notes
1,2026-09-27,cold-calling,I wanted an online business. I just didn't want to call strangers.,why I avoid cold calling + the model in 30s,sbr_ep1_no_cold_calls.mp4,scheduled 19:00,2026-09-26,made in chat (hand-coded render)
2,2026-09-28,explain-model,How 1 Google search turns into a contractor paying me,one lead end to end: search -> site -> form -> roofer -> 10% or $0,sbr_ep2_google_search.mp4,scheduled 19:00,2026-09-26,jobs/ep02_example.json rebuilds it
3,2026-09-29,education,"If you're new to this, don't pick New York. Pick a tiny town.",why one service + one small city (less competition; still takes months),sbr_ep03_tiny_town.mp4,scheduled 19:00,2026-09-27,sunday run; jobs/ep03.json
4,2026-09-30,contrarian,"You don't need to be good at sales to sell to contractors.",offer design beats sales skill (pay only if the job closes; you still talk to people),sbr_ep04_no_sales_skills.mp4,scheduled 19:00,2026-09-27,sunday run; jobs/ep04.json
5,2026-10-01,story,"I posted once in a contractor Facebook group. Twenty-seven contractors commented.",the 27-comment group post + why a pay-on-close offer lands (comments are not customers),sbr_ep05_27_contractors.mp4,scheduled 19:00,2026-09-27,sunday run; jobs/ep05.json
6,2026-10-02,build-in-public,"My first lead took about one to three months. Nobody posts that part.",why ranking is slow (new site = stranger to Google; earn the spot; results vary),sbr_ep06_first_lead_months.mp4,scheduled 19:00,2026-09-27,sunday run; jobs/ep06.json
7,2026-10-03,education+soft-product,"One Google search can beat ten thousand views.",buyer intent (searchers vs scrollers) + soft Sign Build Run mention,sbr_ep07_buyer_intent.mp4,scheduled 19:00,2026-09-27,sunday run; jobs/ep07.json
8,2026-10-04,curiosity,You don't have to be a roofer to get roofers leads.,you don't need to be a contractor to rank (Google ranks the page that answers the search),sbr_ep08_not_a_roofer.mp4,scheduled 19:00,2026-10-04,sunday run; jobs/ep08.json; custom hook cover
10,2026-10-06,contrarian,Your website doesn't need to be pretty.,clear beats pretty (service + town + quote button; still takes months),sbr_ep10_not_pretty.mp4,scheduled 19:00,2026-10-04,sunday run; jobs/ep10.json; custom hook cover
11,2026-10-07,build-in-public,I'm twenty-two. And I'm an introvert.,22 + introvert -> built the model around personality (still talk to contractors; slow),sbr_ep11_22_introvert.mp4,scheduled 19:00,2026-10-04,sunday run; jobs/ep11.json; custom hook cover
12,2026-10-08,education,Rank and rent or an SEO agency?,"rank & rent vs SEO agency (build first vs sell first; upfront risk, months, leads don't always close)",sbr_ep12_vs_seo_agency.mp4,scheduled 19:00,2026-10-04,sunday run; jobs/ep12.json; custom hook cover
14,2026-10-10,mistakes+soft-product,Three rank and rent mistakes I'd avoid if I started today.,"3 beginner mistakes (big city, 5 sites at once, quitting at month one) + soft Sign Build Run mention",sbr_ep14_3_mistakes.mp4,scheduled 19:00,2026-10-04,sunday run; jobs/ep14.json; custom hook cover
